<ImportExportXml version="9.2.25084.180" SolutionPackageVersion="9.2" languagecode="1033" generatedBy="CrmLive" xmlns:xsi="http://www.w3.org/2001/XMLSchema-instance" OrganizationVersion="9.2.25084.180" OrganizationSchemaType="Standard" CRMServerServiceabilityVersion="9.2.25084.00180">
  <SolutionManifest>
    <UniqueName>ParkingChallenge</UniqueName>
    <LocalizedNames>
      <LocalizedName description="ParkingChallenge" languagecode="1033" />
    </LocalizedNames>
    <Descriptions>
      <Description description="Solution designed for parking management and control at Contoso High School. In response to the Power Up Challenge." languagecode="1033" />
    </Descriptions>
    <Version>1.0.0.1</Version>
    <Managed>0</Managed>
    <Publisher>
      <UniqueName>JorgeMedina</UniqueName>
      <LocalizedNames>
        <LocalizedName description="Jorge Medina Rincon" languagecode="1033" />
      </LocalizedNames>
      <Descriptions>
        <Description description="Published crearted by Jorge Medina for the Power Up Challenge" languagecode="1033" />
      </Descriptions>
      <EMailAddress>jmedina@setapps.onmicrosoft.com.co</EMailAddress>
      <SupportingWebsiteUrl>https://georgemedin.github.io/george-data/</SupportingWebsiteUrl>
      <CustomizationPrefix>jmr</CustomizationPrefix>
      <CustomizationOptionValuePrefix>83583</CustomizationOptionValuePrefix>
      <Addresses>
        <Address>
          <AddressNumber>1</AddressNumber>
          <AddressTypeCode>1</AddressTypeCode>
          <City>Bogota DC</City>
          <County xsi:nil="true"></County>
          <Country>Colombia</Country>
          <Fax xsi:nil="true"></Fax>
          <FreightTermsCode xsi:nil="true"></FreightTermsCode>
          <ImportSequenceNumber xsi:nil="true"></ImportSequenceNumber>
          <Latitude xsi:nil="true"></Latitude>
          <Line1 xsi:nil="true"></Line1>
          <Line2 xsi:nil="true"></Line2>
          <Line3 xsi:nil="true"></Line3>
          <Longitude xsi:nil="true"></Longitude>
          <Name xsi:nil="true"></Name>
          <PostalCode>00000</PostalCode>
          <PostOfficeBox xsi:nil="true"></PostOfficeBox>
          <PrimaryContactName xsi:nil="true"></PrimaryContactName>
          <ShippingMethodCode>1</ShippingMethodCode>
          <StateOrProvince>Bogotá</StateOrProvince>
          <Telephone1>3113461824</Telephone1>
          <Telephone2 xsi:nil="true"></Telephone2>
          <Telephone3 xsi:nil="true"></Telephone3>
          <TimeZoneRuleVersionNumber xsi:nil="true"></TimeZoneRuleVersionNumber>
          <UPSZone xsi:nil="true"></UPSZone>
          <UTCOffset xsi:nil="true"></UTCOffset>
          <UTCConversionTimeZoneCode xsi:nil="true"></UTCConversionTimeZoneCode>
        </Address>
        <Address>
          <AddressNumber>2</AddressNumber>
          <AddressTypeCode>1</AddressTypeCode>
          <City xsi:nil="true"></City>
          <County xsi:nil="true"></County>
          <Country xsi:nil="true"></Country>
          <Fax xsi:nil="true"></Fax>
          <FreightTermsCode xsi:nil="true"></FreightTermsCode>
          <ImportSequenceNumber xsi:nil="true"></ImportSequenceNumber>
          <Latitude xsi:nil="true"></Latitude>
          <Line1 xsi:nil="true"></Line1>
          <Line2 xsi:nil="true"></Line2>
          <Line3 xsi:nil="true"></Line3>
          <Longitude xsi:nil="true"></Longitude>
          <Name xsi:nil="true"></Name>
          <PostalCode xsi:nil="true"></PostalCode>
          <PostOfficeBox xsi:nil="true"></PostOfficeBox>
          <PrimaryContactName xsi:nil="true"></PrimaryContactName>
          <ShippingMethodCode>1</ShippingMethodCode>
          <StateOrProvince xsi:nil="true"></StateOrProvince>
          <Telephone1 xsi:nil="true"></Telephone1>
          <Telephone2 xsi:nil="true"></Telephone2>
          <Telephone3 xsi:nil="true"></Telephone3>
          <TimeZoneRuleVersionNumber xsi:nil="true"></TimeZoneRuleVersionNumber>
          <UPSZone xsi:nil="true"></UPSZone>
          <UTCOffset xsi:nil="true"></UTCOffset>
          <UTCConversionTimeZoneCode xsi:nil="true"></UTCConversionTimeZoneCode>
        </Address>
      </Addresses>
    </Publisher>
    <RootComponents>
      <RootComponent type="1" schemaName="jmr_parkinginspection" behavior="0" />
      <RootComponent type="1" schemaName="jmr_parkinglocations" behavior="0" />
      <RootComponent type="1" schemaName="jmr_parkingrequest" behavior="0" />
      <RootComponent type="1" schemaName="jmr_vehicle" behavior="0" />
      <RootComponent type="29" id="{09c21b53-229c-f011-b4cc-000d3a338c2c}" behavior="0" />
      <RootComponent type="29" id="{34a09bf6-7b9a-f011-b4cc-000d3a338c2c}" behavior="0" />
      <RootComponent type="29" id="{a8a42a87-289c-f011-b4cc-000d3a338c2c}" behavior="0" />
      <RootComponent type="29" id="{eab6f338-6e9a-f011-b4cc-000d3a338c2c}" behavior="0" />
      <RootComponent type="60" id="{41cc30ee-1b9c-f011-b4cc-000d3a338c2c}" behavior="0" />
      <RootComponent type="61" schemaName="jmr_jmr_gps" behavior="0" />
      <RootComponent type="61" schemaName="jmr_parkinginspect" behavior="0" />
      <RootComponent type="61" schemaName="jmr_parkingrequest" behavior="0" />
      <RootComponent type="61" schemaName="jmr_vehicleicon" behavior="0" />
      <RootComponent type="62" schemaName="jmr_ParkingRequest" behavior="0" />
      <RootComponent type="80" schemaName="jmr_ParkingRequest" behavior="0" />
      <RootComponent type="300" schemaName="jmr_parkinginspections_d5484" behavior="0" />
      <RootComponent type="431" schemaName="jmr_parkinglocations jmr_qr" behavior="0" />
      <RootComponent type="431" schemaName="jmr_vehicle jmr_vehicleimage" behavior="0" />
      <RootComponent type="432" schemaName="jmr_parkinglocations" behavior="0" />
      <RootComponent type="432" schemaName="jmr_vehicle" behavior="0" />
    </RootComponents>
    <MissingDependencies>
      <MissingDependency>
        <Required type="SettingDefinition" displayName="AppChannel" solution="msdyn_AppFrameworkInfraExtensions (1.0.0.15)" id.uniquename="AppChannel">
          <package appName="PowerAppsAppFramework Package" version="1.0.0.23">PowerAppsAppFramework_Anchor (1.0.0.23)</package>
        </Required>
        <Dependent type="AppSetting" displayName="parentappmoduleid.uniquename=jmr_ParkingRequest,settingdefinitionid.uniquename=AppChannel" id.parentappmoduleid.uniquename="jmr_ParkingRequest" id.settingdefinitionid.uniquename="AppChannel" />
      </MissingDependency>
    </MissingDependencies>
  </SolutionManifest>
</ImportExportXml>