{
  "properties": {
    "connectionReferences": {
      "shared_commondataserviceforapps": {
        "runtimeSource": "embedded",
        "connection": {
          "connectionReferenceLogicalName": "jmr_sharedcommondataserviceforapps_72c32"
        },
        "api": {
          "name": "shared_commondataserviceforapps"
        }
      }
    },
    "definition": {
      "$schema": "https://schema.management.azure.com/providers/Microsoft.Logic/schemas/2016-06-01/workflowdefinition.json#",
      "contentVersion": "1.0.0.0",
      "parameters": {
        "$connections": {
          "defaultValue": {},
          "type": "Object"
        },
        "$authentication": {
          "defaultValue": {},
          "type": "SecureObject"
        }
      },
      "triggers": {
        "Recurrence": {
          "recurrence": {
            "frequency": "Day",
            "interval": 1,
            "timeZone": "UTC-08",
            "startTime": "2025-09-27T05:00:00Z",
            "schedule": {
              "hours": [
                "0"
              ]
            }
          },
          "metadata": {
            "operationMetadataId": "5a8bf461-1d85-4b5b-ab91-5b897c806dd4"
          },
          "type": "Recurrence"
        }
      },
      "actions": {
        "List_rows": {
          "runAfter": {},
          "metadata": {
            "operationMetadataId": "a1436bbb-8778-451c-baec-d3a5cdf67311"
          },
          "type": "OpenApiConnection",
          "inputs": {
            "host": {
              "connectionName": "shared_commondataserviceforapps",
              "operationId": "ListRecords",
              "apiId": "/providers/Microsoft.PowerApps/apis/shared_commondataserviceforapps"
            },
            "parameters": {
              "entityName": "jmr_parkinglocationses",
              "x-ms-odata-metadata-full": true
            },
            "authentication": "@parameters('$authentication')"
          }
        },
        "Apply_to_each": {
          "foreach": "@outputs('List_rows')?['body/value']",
          "actions": {
            "Update_a_row": {
              "runAfter": {},
              "metadata": {
                "operationMetadataId": "67d07e64-428d-4094-993d-4d7e9945cf10"
              },
              "type": "OpenApiConnection",
              "inputs": {
                "host": {
                  "connectionName": "shared_commondataserviceforapps",
                  "operationId": "UpdateOnlyRecord",
                  "apiId": "/providers/Microsoft.PowerApps/apis/shared_commondataserviceforapps"
                },
                "parameters": {
                  "entityName": "jmr_parkinglocationses",
                  "recordId": "@items('Apply_to_each')?['jmr_parkinglocationsid']",
                  "item/jmr_busy": false
                },
                "authentication": "@parameters('$authentication')"
              }
            }
          },
          "runAfter": {
            "List_rows": [
              "Succeeded"
            ]
          },
          "metadata": {
            "operationMetadataId": "31fff909-bdac-4520-8cff-a5fcf2c5e42a"
          },
          "type": "Foreach"
        }
      }
    },
    "templateName": ""
  },
  "schemaVersion": "1.0.0.0"
}