{
  "properties": {
    "connectionReferences": {
      "shared_commondataserviceforapps": {
        "runtimeSource": "embedded",
        "connection": {
          "connectionReferenceLogicalName": "jmr_sharedcommondataserviceforapps_72c32"
        },
        "api": {
          "name": "shared_commondataserviceforapps"
        }
      },
      "shared_outlook": {
        "runtimeSource": "embedded",
        "connection": {
          "connectionReferenceLogicalName": "jmr_sharedoutlook_681d4"
        },
        "api": {
          "name": "shared_outlook"
        }
      }
    },
    "definition": {
      "$schema": "https://schema.management.azure.com/providers/Microsoft.Logic/schemas/2016-06-01/workflowdefinition.json#",
      "contentVersion": "1.0.0.0",
      "parameters": {
        "$connections": {
          "defaultValue": {},
          "type": "Object"
        },
        "$authentication": {
          "defaultValue": {},
          "type": "SecureObject"
        }
      },
      "triggers": {
        "When_a_row_is_added,_modified_or_deleted": {
          "metadata": {
            "operationMetadataId": "e626c92a-ebc5-4a65-84db-a9d5fa27e46b"
          },
          "type": "OpenApiConnectionWebhook",
          "inputs": {
            "host": {
              "connectionName": "shared_commondataserviceforapps",
              "operationId": "SubscribeWebhookTrigger",
              "apiId": "/providers/Microsoft.PowerApps/apis/shared_commondataserviceforapps"
            },
            "parameters": {
              "subscriptionRequest/message": 1,
              "subscriptionRequest/entityname": "jmr_parkingrequest",
              "subscriptionRequest/scope": 4
            },
            "authentication": "@parameters('$authentication')"
          }
        }
      },
      "actions": {
        "List_rows": {
          "runAfter": {},
          "metadata": {
            "operationMetadataId": "bd809aae-68d4-4420-ba29-75a2abf7119f"
          },
          "type": "OpenApiConnection",
          "inputs": {
            "host": {
              "connectionName": "shared_commondataserviceforapps",
              "operationId": "ListRecords",
              "apiId": "/providers/Microsoft.PowerApps/apis/shared_commondataserviceforapps"
            },
            "parameters": {
              "entityName": "jmr_parkinglocationses",
              "$filter": "jmr_busy eq false",
              "$top": 1
            },
            "authentication": "@parameters('$authentication')"
          }
        },
        "Apply_to_each": {
          "foreach": "@outputs('List_rows')?['body/value']",
          "actions": {
            "Update_a_row": {
              "runAfter": {},
              "metadata": {
                "operationMetadataId": "937d0a34-73a4-40e0-bb14-4549f05b8da2"
              },
              "type": "OpenApiConnection",
              "inputs": {
                "host": {
                  "connectionName": "shared_commondataserviceforapps",
                  "operationId": "UpdateOnlyRecord",
                  "apiId": "/providers/Microsoft.PowerApps/apis/shared_commondataserviceforapps"
                },
                "parameters": {
                  "entityName": "jmr_parkinglocationses",
                  "recordId": "@items('Apply_to_each')?['jmr_parkinglocationsid']",
                  "item/jmr_busy": true
                },
                "authentication": "@parameters('$authentication')"
              }
            },
            "Update_a_row_2": {
              "runAfter": {
                "Update_a_row": [
                  "Succeeded"
                ]
              },
              "metadata": {
                "operationMetadataId": "a25fa0fb-db74-492f-b758-61276a877cc9"
              },
              "type": "OpenApiConnection",
              "inputs": {
                "host": {
                  "connectionName": "shared_commondataserviceforapps",
                  "operationId": "UpdateOnlyRecord",
                  "apiId": "/providers/Microsoft.PowerApps/apis/shared_commondataserviceforapps"
                },
                "parameters": {
                  "entityName": "jmr_parkingrequests",
                  "recordId": "@triggerOutputs()?['body/jmr_parkingrequestid']",
                  "item/jmr_LocationReserved@odata.bind": "@concat('/jmr_parkinglocationses(', variables('idLocations'), ')')\r\n"
                },
                "authentication": "@parameters('$authentication')"
              }
            }
          },
          "runAfter": {
            "Apply_to_each_4": [
              "Succeeded"
            ]
          },
          "metadata": {
            "operationMetadataId": "b549c03b-d526-475e-9f27-132cf3117b68"
          },
          "type": "Foreach"
        },
        "Get_a_row_by_ID": {
          "runAfter": {
            "Apply_to_each": [
              "Succeeded"
            ]
          },
          "metadata": {
            "operationMetadataId": "79e0d576-7e14-4a93-8ce2-8849366addeb"
          },
          "type": "OpenApiConnection",
          "inputs": {
            "host": {
              "connectionName": "shared_commondataserviceforapps",
              "operationId": "GetItem",
              "apiId": "/providers/Microsoft.PowerApps/apis/shared_commondataserviceforapps"
            },
            "parameters": {
              "entityName": "jmr_vehicles",
              "recordId": "@triggerOutputs()?['body/_jmr_vehicle_value']"
            },
            "authentication": "@parameters('$authentication')"
          }
        },
        "Initialize_variable": {
          "runAfter": {
            "List_rows": [
              "Succeeded"
            ]
          },
          "metadata": {
            "operationMetadataId": "15951d1b-d017-4a1a-85b7-2c962312ed03"
          },
          "type": "InitializeVariable",
          "inputs": {
            "variables": [
              {
                "name": "idLocations",
                "type": "string"
              }
            ]
          }
        },
        "Apply_to_each_4": {
          "foreach": "@outputs('List_rows')?['body/value']",
          "actions": {
            "Set_variable": {
              "runAfter": {},
              "metadata": {
                "operationMetadataId": "5d36546c-3cad-4de5-b3d8-8f8f74218c9e"
              },
              "type": "SetVariable",
              "inputs": {
                "name": "idLocations",
                "value": "@{items('Apply_to_each_4')?['jmr_parkinglocationsid']\r\n}"
              }
            }
          },
          "runAfter": {
            "Initialize_variable": [
              "Succeeded"
            ]
          },
          "metadata": {
            "operationMetadataId": "0a0d0057-c50c-4fea-9a43-07c82f9e5c2f"
          },
          "type": "Foreach"
        },
        "Send_an_email_(V2)": {
          "runAfter": {
            "Get_a_row_by_ID": [
              "Succeeded"
            ]
          },
          "metadata": {
            "operationMetadataId": "ad83b7dd-620b-4239-9474-d807251a6cc9"
          },
          "type": "OpenApiConnection",
          "inputs": {
            "host": {
              "connectionName": "shared_outlook",
              "operationId": "SendEmailV2",
              "apiId": "/providers/Microsoft.PowerApps/apis/shared_outlook"
            },
            "parameters": {
              "emailMessage/To": "@outputs('Get_a_row_by_ID')?['body/jmr_vehicleowneremail']",
              "emailMessage/Subject": "Parking Request Confirmation @{outputs('Get_a_row_by_ID')?['body/jmr_vehiclename']}",
              "emailMessage/Body": "<p>Hi,</p>\n\n<p>Please be advised that your parking request for vehicle\n<strong>@{outputs('Get_a_row_by_ID')?['body/jmr_vehiclename']}</strong> today has been granted.</p>\n\n<p>Request id : <strong>@{triggerOutputs()?['body/jmr_parkingrequestname']}</strong></p>\n<p>Parking Space : <strong>@{first(body('List_rows')?['value'])?['jmr_locationname']}</strong></p>\n\n<p>Many thanks,</p>\n<p>Contoso School Administration</p>\n\n<img src=\"https://raw.githubusercontent.com/GeorgeMedin/george-data/main/assets/img/firma.PNG\"\n     alt=\"School Signature\"\n     style=\"max-height:100px;\">",
              "emailMessage/Importance": "Normal"
            },
            "authentication": "@parameters('$authentication')"
          }
        }
      }
    },
    "templateName": ""
  },
  "schemaVersion": "1.0.0.0"
}